PRAGMA foreign_keys=OFF;
BEGIN TRANSACTION;
CREATE TABLE users (id INTEGER PRIMARY KEY AUTOINCREMENT NOT NULL, username TEXT NOT NULL, hash TEXT NOT NULL);
CREATE TABLE studios (id INTEGER PRIMARY KEY AUTOINCREMENT NOT NULL, name TEXT NOT NULL, address TEXT NOT NULL);
INSERT INTO studios VALUES(7,'Hotpod Yoga Dulwich','Unit 3, 13-19 Croxted Rd, London SE21 8SZ');
INSERT INTO studios VALUES(8,'David Rhodes','58, Somerset Road, London, SW19 5JX');
INSERT INTO studios VALUES(9,'ONCORE','65, Clapham Park Rd, London, SW4 7EQ');
INSERT INTO studios VALUES(10,'St Martin''s School','22, Goodwyn Avenue, Mill Hill, London, NW7 3RG');
INSERT INTO studios VALUES(11,'Hotpod Yoga Brixton','40, St Matthew''s Rd, London SW2 1NL');
INSERT INTO studios VALUES(12,'Yogarise Streatham','248A Streatham High Rd, London, SW16 1HS');
INSERT INTO studios VALUES(13,'Hotpod Belgravia','19 Eccleston Yards, London, SW1W 9AZ');
CREATE TABLE classes (id INTEGER PRIMARY KEY AUTOINCREMENT NOT NULL, studio_id INTEGER NOT NULL, description TEXT NOT NULL, date_time TEXT, rate INTEGER NOT NULL, FOREIGN KEY(studio_id) REFERENCES studios(id));
INSERT INTO classes VALUES(4,8,'Double 1 hour private session','2025-07-02 09:00:00',80);
INSERT INTO classes VALUES(5,8,'Single 1 hour private session','2025-07-02 09:00:00',75);
INSERT INTO classes VALUES(6,7,'Hotpod Flow - 45mins','2025-07-02 12:30:00',40);
INSERT INTO classes VALUES(7,11,'Hotpod Flow','2025-07-02 16:00:00',54);
INSERT INTO classes VALUES(8,12,'Dynamic Flow','2025-07-02 18:45:00',35);
INSERT INTO classes VALUES(9,13,'Hotpod Flow','2025-07-03 09:30:00',54);
INSERT INTO classes VALUES(10,13,'Hotpod Flow','2025-07-03 11:00:00',54);
INSERT INTO classes VALUES(11,11,'Hotpod Flow','2025-07-03 17:30:00',54);
INSERT INTO classes VALUES(12,13,'Hotpod Flow','2025-07-04 11:00:00',54);
INSERT INTO classes VALUES(13,11,'Hotpod Flow','2025-07-04 16:00:00',54);
INSERT INTO classes VALUES(14,9,'Flow to Restore','2025-07-04 18:30:00',35);
INSERT INTO classes VALUES(15,13,'45 Minute Flow','2025-07-03 12:30:00',40);
INSERT INTO classes VALUES(16,13,'45 Minute Flow','2025-07-04 12:30:00',40);
INSERT INTO classes VALUES(18,10,'Musical Theatre Lesson','2025-06-30 9:00:00',17);
CREATE TABLE monthly_summary (id INTEGER PRIMARY KEY AUTOINCREMENT NOT NULL, studio INTEGER, title TEXT, date_time TEXT, month TEXT, class_id INTEGER, FOREIGN KEY(studio) REFERENCES studios(id));
INSERT INTO monthly_summary VALUES(1020,8,'David Rhodes Single 1 hour private session','2025-07-02 08:00:00','2025-07',5);
INSERT INTO monthly_summary VALUES(1021,8,'David Rhodes Single 1 hour private session','2025-07-09 08:00:00','2025-07',5);
INSERT INTO monthly_summary VALUES(1022,8,'David Rhodes Single 1 hour private session','2025-07-16 08:00:00','2025-07',5);
INSERT INTO monthly_summary VALUES(1023,8,'David Rhodes Single 1 hour private session','2025-07-23 08:00:00','2025-07',5);
INSERT INTO monthly_summary VALUES(1024,8,'David Rhodes Single 1 hour private session','2025-07-30 08:00:00','2025-07',5);
INSERT INTO monthly_summary VALUES(1025,7,'Hotpod Yoga Dulwich Hotpod Flow - 45mins','2025-07-02 11:30:00','2025-07',6);
INSERT INTO monthly_summary VALUES(1026,7,'Hotpod Yoga Dulwich Hotpod Flow - 45mins','2025-07-09 11:30:00','2025-07',6);
INSERT INTO monthly_summary VALUES(1027,7,'Hotpod Yoga Dulwich Hotpod Flow - 45mins','2025-07-16 11:30:00','2025-07',6);
INSERT INTO monthly_summary VALUES(1028,7,'Hotpod Yoga Dulwich Hotpod Flow - 45mins','2025-07-23 11:30:00','2025-07',6);
INSERT INTO monthly_summary VALUES(1029,7,'Hotpod Yoga Dulwich Hotpod Flow - 45mins','2025-07-30 11:30:00','2025-07',6);
INSERT INTO monthly_summary VALUES(1030,11,'Hotpod Yoga Brixton Hotpod Flow','2025-07-02 15:00:00','2025-07',7);
INSERT INTO monthly_summary VALUES(1031,11,'Hotpod Yoga Brixton Hotpod Flow','2025-07-09 15:00:00','2025-07',7);
INSERT INTO monthly_summary VALUES(1032,11,'Hotpod Yoga Brixton Hotpod Flow','2025-07-16 15:00:00','2025-07',7);
INSERT INTO monthly_summary VALUES(1033,11,'Hotpod Yoga Brixton Hotpod Flow','2025-07-23 15:00:00','2025-07',7);
INSERT INTO monthly_summary VALUES(1034,11,'Hotpod Yoga Brixton Hotpod Flow','2025-07-30 15:00:00','2025-07',7);
INSERT INTO monthly_summary VALUES(1035,12,'Yogarise Streatham Dynamic Flow','2025-07-02 17:45:00','2025-07',8);
INSERT INTO monthly_summary VALUES(1036,12,'Yogarise Streatham Dynamic Flow','2025-07-09 17:45:00','2025-07',8);
INSERT INTO monthly_summary VALUES(1037,12,'Yogarise Streatham Dynamic Flow','2025-07-16 17:45:00','2025-07',8);
INSERT INTO monthly_summary VALUES(1038,12,'Yogarise Streatham Dynamic Flow','2025-07-23 17:45:00','2025-07',8);
INSERT INTO monthly_summary VALUES(1039,12,'Yogarise Streatham Dynamic Flow','2025-07-30 17:45:00','2025-07',8);
INSERT INTO monthly_summary VALUES(1040,13,'Hotpod Belgravia Hotpod Flow','2025-07-03 08:30:00','2025-07',9);
INSERT INTO monthly_summary VALUES(1041,13,'Hotpod Belgravia Hotpod Flow','2025-07-10 08:30:00','2025-07',9);
INSERT INTO monthly_summary VALUES(1042,13,'Hotpod Belgravia Hotpod Flow','2025-07-17 08:30:00','2025-07',9);
INSERT INTO monthly_summary VALUES(1043,13,'Hotpod Belgravia Hotpod Flow','2025-07-24 08:30:00','2025-07',9);
INSERT INTO monthly_summary VALUES(1044,13,'Hotpod Belgravia Hotpod Flow','2025-07-31 08:30:00','2025-07',9);
INSERT INTO monthly_summary VALUES(1045,13,'Hotpod Belgravia Hotpod Flow','2025-07-03 10:00:00','2025-07',10);
INSERT INTO monthly_summary VALUES(1046,13,'Hotpod Belgravia Hotpod Flow','2025-07-10 10:00:00','2025-07',10);
INSERT INTO monthly_summary VALUES(1047,13,'Hotpod Belgravia Hotpod Flow','2025-07-17 10:00:00','2025-07',10);
INSERT INTO monthly_summary VALUES(1048,13,'Hotpod Belgravia Hotpod Flow','2025-07-24 10:00:00','2025-07',10);
INSERT INTO monthly_summary VALUES(1049,13,'Hotpod Belgravia Hotpod Flow','2025-07-31 10:00:00','2025-07',10);
INSERT INTO monthly_summary VALUES(1050,11,'Hotpod Yoga Brixton Hotpod Flow','2025-07-03 16:30:00','2025-07',11);
INSERT INTO monthly_summary VALUES(1051,11,'Hotpod Yoga Brixton Hotpod Flow','2025-07-10 16:30:00','2025-07',11);
INSERT INTO monthly_summary VALUES(1052,11,'Hotpod Yoga Brixton Hotpod Flow','2025-07-17 16:30:00','2025-07',11);
INSERT INTO monthly_summary VALUES(1053,11,'Hotpod Yoga Brixton Hotpod Flow','2025-07-24 16:30:00','2025-07',11);
INSERT INTO monthly_summary VALUES(1054,11,'Hotpod Yoga Brixton Hotpod Flow','2025-07-31 16:30:00','2025-07',11);
INSERT INTO monthly_summary VALUES(1055,13,'Hotpod Belgravia Hotpod Flow','2025-07-04 10:00:00','2025-07',12);
INSERT INTO monthly_summary VALUES(1056,13,'Hotpod Belgravia Hotpod Flow','2025-07-11 10:00:00','2025-07',12);
INSERT INTO monthly_summary VALUES(1057,13,'Hotpod Belgravia Hotpod Flow','2025-07-18 10:00:00','2025-07',12);
INSERT INTO monthly_summary VALUES(1058,13,'Hotpod Belgravia Hotpod Flow','2025-07-25 10:00:00','2025-07',12);
INSERT INTO monthly_summary VALUES(1059,11,'Hotpod Yoga Brixton Hotpod Flow','2025-07-04 15:00:00','2025-07',13);
INSERT INTO monthly_summary VALUES(1060,11,'Hotpod Yoga Brixton Hotpod Flow','2025-07-11 15:00:00','2025-07',13);
INSERT INTO monthly_summary VALUES(1061,11,'Hotpod Yoga Brixton Hotpod Flow','2025-07-18 15:00:00','2025-07',13);
INSERT INTO monthly_summary VALUES(1062,11,'Hotpod Yoga Brixton Hotpod Flow','2025-07-25 15:00:00','2025-07',13);
INSERT INTO monthly_summary VALUES(1063,9,'ONCORE Flow to Restore','2025-07-04 17:30:00','2025-07',14);
INSERT INTO monthly_summary VALUES(1064,9,'ONCORE Flow to Restore','2025-07-11 17:30:00','2025-07',14);
INSERT INTO monthly_summary VALUES(1065,9,'ONCORE Flow to Restore','2025-07-18 17:30:00','2025-07',14);
INSERT INTO monthly_summary VALUES(1066,9,'ONCORE Flow to Restore','2025-07-25 17:30:00','2025-07',14);
INSERT INTO monthly_summary VALUES(1067,10,'St Martin''s School Musical Theatre Lesson','2025-07-07 08:00:00','2025-07',27);
INSERT INTO monthly_summary VALUES(1068,10,'St Martin''s School Musical Theatre Lesson','2025-07-14 08:00:00','2025-07',27);
INSERT INTO monthly_summary VALUES(1069,10,'St Martin''s School Musical Theatre Lesson','2025-07-21 08:00:00','2025-07',27);
INSERT INTO monthly_summary VALUES(1070,10,'St Martin''s School Musical Theatre Lesson','2025-07-28 08:00:00','2025-07',27);
INSERT INTO monthly_summary VALUES(1071,10,'St Martin''s School Musical Theatre Lesson','2025-07-07 08:30:00','2025-07',28);
INSERT INTO monthly_summary VALUES(1072,10,'St Martin''s School Musical Theatre Lesson','2025-07-14 08:30:00','2025-07',28);
INSERT INTO monthly_summary VALUES(1073,10,'St Martin''s School Musical Theatre Lesson','2025-07-21 08:30:00','2025-07',28);
INSERT INTO monthly_summary VALUES(1074,10,'St Martin''s School Musical Theatre Lesson','2025-07-28 08:30:00','2025-07',28);
INSERT INTO monthly_summary VALUES(1075,10,'St Martin''s School Musical Theatre Lesson','2025-07-07 09:00:00','2025-07',29);
INSERT INTO monthly_summary VALUES(1076,10,'St Martin''s School Musical Theatre Lesson','2025-07-14 09:00:00','2025-07',29);
INSERT INTO monthly_summary VALUES(1077,10,'St Martin''s School Musical Theatre Lesson','2025-07-21 09:00:00','2025-07',29);
INSERT INTO monthly_summary VALUES(1078,10,'St Martin''s School Musical Theatre Lesson','2025-07-28 09:00:00','2025-07',29);
INSERT INTO monthly_summary VALUES(1079,10,'St Martin''s School Musical Theatre Lesson','2025-07-07 09:30:00','2025-07',30);
INSERT INTO monthly_summary VALUES(1080,10,'St Martin''s School Musical Theatre Lesson','2025-07-14 09:30:00','2025-07',30);
INSERT INTO monthly_summary VALUES(1081,10,'St Martin''s School Musical Theatre Lesson','2025-07-21 09:30:00','2025-07',30);
INSERT INTO monthly_summary VALUES(1082,10,'St Martin''s School Musical Theatre Lesson','2025-07-28 09:30:00','2025-07',30);
INSERT INTO monthly_summary VALUES(1083,10,'St Martin''s School Musical Theatre Lesson','2025-07-07 10:00:00','2025-07',31);
INSERT INTO monthly_summary VALUES(1084,10,'St Martin''s School Musical Theatre Lesson','2025-07-14 10:00:00','2025-07',31);
INSERT INTO monthly_summary VALUES(1085,10,'St Martin''s School Musical Theatre Lesson','2025-07-21 10:00:00','2025-07',31);
INSERT INTO monthly_summary VALUES(1086,10,'St Martin''s School Musical Theatre Lesson','2025-07-28 10:00:00','2025-07',31);
INSERT INTO monthly_summary VALUES(1087,10,'St Martin''s School Musical Theatre Lesson','2025-07-07 10:30:00','2025-07',32);
INSERT INTO monthly_summary VALUES(1088,10,'St Martin''s School Musical Theatre Lesson','2025-07-14 10:30:00','2025-07',32);
INSERT INTO monthly_summary VALUES(1089,10,'St Martin''s School Musical Theatre Lesson','2025-07-21 10:30:00','2025-07',32);
INSERT INTO monthly_summary VALUES(1090,10,'St Martin''s School Musical Theatre Lesson','2025-07-28 10:30:00','2025-07',32);
INSERT INTO monthly_summary VALUES(1091,10,'St Martin''s School Musical Theatre Lesson','2025-07-07 11:00:00','2025-07',33);
INSERT INTO monthly_summary VALUES(1092,10,'St Martin''s School Musical Theatre Lesson','2025-07-14 11:00:00','2025-07',33);
INSERT INTO monthly_summary VALUES(1093,10,'St Martin''s School Musical Theatre Lesson','2025-07-21 11:00:00','2025-07',33);
INSERT INTO monthly_summary VALUES(1094,10,'St Martin''s School Musical Theatre Lesson','2025-07-28 11:00:00','2025-07',33);
INSERT INTO monthly_summary VALUES(1095,10,'St Martin''s School Musical Theatre Lesson','2025-07-07 11:30:00','2025-07',34);
INSERT INTO monthly_summary VALUES(1096,10,'St Martin''s School Musical Theatre Lesson','2025-07-14 11:30:00','2025-07',34);
INSERT INTO monthly_summary VALUES(1097,10,'St Martin''s School Musical Theatre Lesson','2025-07-21 11:30:00','2025-07',34);
INSERT INTO monthly_summary VALUES(1098,10,'St Martin''s School Musical Theatre Lesson','2025-07-28 11:30:00','2025-07',34);
INSERT INTO monthly_summary VALUES(1099,10,'St Martin''s School Musical Theatre Lesson','2025-07-07 12:00:00','2025-07',35);
INSERT INTO monthly_summary VALUES(1100,10,'St Martin''s School Musical Theatre Lesson','2025-07-14 12:00:00','2025-07',35);
INSERT INTO monthly_summary VALUES(1101,10,'St Martin''s School Musical Theatre Lesson','2025-07-21 12:00:00','2025-07',35);
INSERT INTO monthly_summary VALUES(1102,10,'St Martin''s School Musical Theatre Lesson','2025-07-28 12:00:00','2025-07',35);
INSERT INTO monthly_summary VALUES(1103,10,'St Martin''s School Musical Theatre Lesson','2025-07-07 12:30:00','2025-07',36);
INSERT INTO monthly_summary VALUES(1104,10,'St Martin''s School Musical Theatre Lesson','2025-07-14 12:30:00','2025-07',36);
INSERT INTO monthly_summary VALUES(1105,10,'St Martin''s School Musical Theatre Lesson','2025-07-21 12:30:00','2025-07',36);
INSERT INTO monthly_summary VALUES(1106,10,'St Martin''s School Musical Theatre Lesson','2025-07-28 12:30:00','2025-07',36);
INSERT INTO monthly_summary VALUES(1107,10,'St Martin''s School Musical Theatre Lesson','2025-07-07 13:00:00','2025-07',37);
INSERT INTO monthly_summary VALUES(1108,10,'St Martin''s School Musical Theatre Lesson','2025-07-14 13:00:00','2025-07',37);
INSERT INTO monthly_summary VALUES(1109,10,'St Martin''s School Musical Theatre Lesson','2025-07-21 13:00:00','2025-07',37);
INSERT INTO monthly_summary VALUES(1110,10,'St Martin''s School Musical Theatre Lesson','2025-07-28 13:00:00','2025-07',37);
INSERT INTO monthly_summary VALUES(1111,10,'St Martin''s School Musical Theatre Lesson','2025-07-07 13:30:00','2025-07',38);
INSERT INTO monthly_summary VALUES(1112,10,'St Martin''s School Musical Theatre Lesson','2025-07-14 13:30:00','2025-07',38);
INSERT INTO monthly_summary VALUES(1113,10,'St Martin''s School Musical Theatre Lesson','2025-07-21 13:30:00','2025-07',38);
INSERT INTO monthly_summary VALUES(1114,10,'St Martin''s School Musical Theatre Lesson','2025-07-28 13:30:00','2025-07',38);
INSERT INTO monthly_summary VALUES(1115,13,'Hotpod Belgravia 45 Minute Flow','2025-07-03 11:30:00','2025-07',39);
INSERT INTO monthly_summary VALUES(1116,13,'Hotpod Belgravia 45 Minute Flow','2025-07-10 11:30:00','2025-07',39);
INSERT INTO monthly_summary VALUES(1117,13,'Hotpod Belgravia 45 Minute Flow','2025-07-17 11:30:00','2025-07',39);
INSERT INTO monthly_summary VALUES(1118,13,'Hotpod Belgravia 45 Minute Flow','2025-07-24 11:30:00','2025-07',39);
INSERT INTO monthly_summary VALUES(1119,13,'Hotpod Belgravia 45 Minute Flow','2025-07-31 11:30:00','2025-07',39);
INSERT INTO monthly_summary VALUES(1120,13,'Hotpod Belgravia 45 Minute Flow','2025-07-04 11:30:00','2025-07',40);
INSERT INTO monthly_summary VALUES(1121,13,'Hotpod Belgravia 45 Minute Flow','2025-07-11 11:30:00','2025-07',40);
INSERT INTO monthly_summary VALUES(1122,13,'Hotpod Belgravia 45 Minute Flow','2025-07-18 11:30:00','2025-07',40);
INSERT INTO monthly_summary VALUES(1123,13,'Hotpod Belgravia 45 Minute Flow','2025-07-25 11:30:00','2025-07',40);
CREATE TABLE weekly_summary (id INTEGER PRIMARY KEY AUTOINCREMENT NOT NULL, studio_id INTEGER NOT NULL, description TEXT NOT NULL, date_time TEXT, rate INTEGER NOT NULL, FOREIGN KEY(studio_id) REFERENCES studios(id));
INSERT INTO weekly_summary VALUES(5,8,'Single 1 hour private session','2025-07-02 09:00:00',75);
INSERT INTO weekly_summary VALUES(6,7,'Hotpod Flow - 45mins','2025-07-02 12:30:00',40);
INSERT INTO weekly_summary VALUES(7,11,'Hotpod Flow','2025-07-02 16:00:00',54);
INSERT INTO weekly_summary VALUES(8,12,'Dynamic Flow','2025-07-02 18:45:00',35);
INSERT INTO weekly_summary VALUES(9,13,'Hotpod Flow','2025-07-03 09:30:00',54);
INSERT INTO weekly_summary VALUES(10,13,'Hotpod Flow','2025-07-03 11:00:00',54);
INSERT INTO weekly_summary VALUES(11,11,'Hotpod Flow','2025-07-03 17:30:00',54);
INSERT INTO weekly_summary VALUES(12,13,'Hotpod Flow','2025-07-04 11:00:00',54);
INSERT INTO weekly_summary VALUES(13,11,'Hotpod Flow','2025-07-04 16:00:00',54);
INSERT INTO weekly_summary VALUES(14,9,'Flow to Restore','2025-07-04 18:30:00',35);
INSERT INTO weekly_summary VALUES(27,10,'Musical Theatre Lesson','2025-06-30 9:00:00',17);
INSERT INTO weekly_summary VALUES(28,10,'Musical Theatre Lesson','2025-06-30 9:30:00',17);
INSERT INTO weekly_summary VALUES(29,10,'Musical Theatre Lesson','2025-06-30 10:00:00',17);
INSERT INTO weekly_summary VALUES(30,10,'Musical Theatre Lesson','2025-06-30 10:30:00',17);
INSERT INTO weekly_summary VALUES(31,10,'Musical Theatre Lesson','2025-06-30 11:00:00',17);
INSERT INTO weekly_summary VALUES(32,10,'Musical Theatre Lesson','2025-06-30 11:30:00',17);
INSERT INTO weekly_summary VALUES(33,10,'Musical Theatre Lesson','2025-06-30 12:00:00',17);
INSERT INTO weekly_summary VALUES(34,10,'Musical Theatre Lesson','2025-06-30 12:30:00',17);
INSERT INTO weekly_summary VALUES(35,10,'Musical Theatre Lesson','2025-06-30 13:00:00',17);
INSERT INTO weekly_summary VALUES(36,10,'Musical Theatre Lesson','2025-06-30 13:30:00',17);
INSERT INTO weekly_summary VALUES(37,10,'Musical Theatre Lesson','2025-06-30 14:00:00',17);
INSERT INTO weekly_summary VALUES(38,10,'Musical Theatre Lesson','2025-06-30 14:30:00',17);
INSERT INTO weekly_summary VALUES(39,13,'45 Minute Flow','2025-07-03 12:30:00',40);
INSERT INTO weekly_summary VALUES(40,13,'45 Minute Flow','2025-07-04 12:30:00',40);
INSERT INTO sqlite_sequence VALUES('studios',13);
INSERT INTO sqlite_sequence VALUES('classes',18);
INSERT INTO sqlite_sequence VALUES('monthly_summary',1123);
INSERT INTO sqlite_sequence VALUES('weekly_summary',40);
COMMIT;
